{
  "aggregated_bs_id": [
    2841,
    1760,
    2042,
    2338,
    2340,
    2920,
    2041,
    2927,
    2345,
    2120,
    2774,
    3004
  ],
  "total_bs_units": 180.0,
  "ratios_capacities": [
    {
      "ratio": 0.6,
      "unit_capacity": 1186.0,
      "total_capacity": 213480.0,
      "total_demand": 128091.37851688129,
      "nodes_units": 15.0,
      "nodes_capacity": 17790.0,
      "actions_from_base_capacity": [
        1,
        2
      ],
      "actions_from_zero_capacity": [
        1,
        2,
        3,
        4,
        5,
        6,
        7,
        8,
        9,
        10,
        11,
        12,
        13,
        14,
        15,
        16,
        17
      ],
      "actions_from_node_capacity": [
        1,
        2,
        3,
        4,
        5,
        6,
        7,
        8,
        9,
        10,
        11,
        12,
        13,
        14,
        15
      ],
      "actions_from_max_difference": [
        1,
        2,
        3,
        4,
        5,
        6
      ]
    },
    {
      "ratio": 0.8,
      "unit_capacity": 889.0,
      "total_capacity": 160020.0,
      "total_demand": 128091.37851688129,
      "nodes_units": 15.0,
      "nodes_capacity": 13335.0,
      "actions_from_base_capacity": [
        1,
        2,
        3,
        4,
        5,
        6,
        7,
        8
      ],
      "actions_from_zero_capacity": [
        1,
        2,
        3,
        4,
        5,
        6,
        7,
        8,
        9,
        10,
        11,
        12,
        13,
        14,
        15,
        16,
        17,
        18,
        19,
        20,
        21,
        22,
        23
      ],
      "actions_from_node_capacity": [
        1,
        2,
        3,
        4,
        5,
        6,
        7,
        8,
        9,
        10,
        11,
        12,
        13,
        14,
        15
      ],
      "actions_from_max_difference": [
        1,
        2,
        3,
        4,
        5,
        6,
        7,
        8
      ]
    },
    {
      "ratio": 0.9,
      "unit_capacity": 790.0,
      "total_capacity": 142200.0,
      "total_demand": 128091.37851688129,
      "nodes_units": 15.0,
      "nodes_capacity": 11850.0,
      "actions_from_base_capacity": [
        1,
        2,
        3,
        4,
        5,
        6,
        7,
        8,
        9,
        10,
        11
      ],
      "actions_from_zero_capacity": [
        1,
        2,
        3,
        4,
        5,
        6,
        7,
        8,
        9,
        10,
        11,
        12,
        13,
        14,
        15,
        16,
        17,
        18,
        19,
        20,
        21,
        22,
        23,
        24,
        25,
        26
      ],
      "actions_from_node_capacity": [
        1,
        2,
        3,
        4,
        5,
        6,
        7,
        8,
        9,
        10,
        11,
        12,
        13,
        14,
        15
      ],
      "actions_from_max_difference": [
        1,
        2,
        3,
        4,
        5,
        6,
        7,
        8,
        9
      ]
    },
    {
      "ratio": 0.95,
      "unit_capacity": 749.0,
      "total_capacity": 134820.0,
      "total_demand": 128091.37851688129,
      "nodes_units": 15.0,
      "nodes_capacity": 11235.0,
      "actions_from_base_capacity": [
        1,
        2,
        3,
        4,
        5,
        6,
        7,
        8,
        9,
        10,
        11,
        12
      ],
      "actions_from_zero_capacity": [
        1,
        2,
        3,
        4,
        5,
        6,
        7,
        8,
        9,
        10,
        11,
        12,
        13,
        14,
        15,
        16,
        17,
        18,
        19,
        20,
        21,
        22,
        23,
        24,
        25,
        26,
        27
      ],
      "actions_from_node_capacity": [
        1,
        2,
        3,
        4,
        5,
        6,
        7,
        8,
        9,
        10,
        11,
        12,
        13,
        14,
        15
      ],
      "actions_from_max_difference": [
        1,
        2,
        3,
        4,
        5,
        6,
        7,
        8,
        9,
        10
      ]
    },
    {
      "ratio": 1,
      "unit_capacity": 711.0,
      "total_capacity": 127980.0,
      "total_demand": 128091.37851688129,
      "nodes_units": 15.0,
      "nodes_capacity": 10665.0,
      "actions_from_base_capacity": [
        1,
        2,
        3,
        4,
        5,
        6,
        7,
        8,
        9,
        10,
        11,
        12,
        13,
        14
      ],
      "actions_from_zero_capacity": [
        1,
        2,
        3,
        4,
        5,
        6,
        7,
        8,
        9,
        10,
        11,
        12,
        13,
        14,
        15,
        16,
        17,
        18,
        19,
        20,
        21,
        22,
        23,
        24,
        25,
        26,
        27,
        28,
        29
      ],
      "actions_from_node_capacity": [
        1,
        2,
        3,
        4,
        5,
        6,
        7,
        8,
        9,
        10,
        11,
        12,
        13,
        14,
        15
      ],
      "actions_from_max_difference": [
        1,
        2,
        3,
        4,
        5,
        6,
        7,
        8,
        9,
        10
      ]
    },
    {
      "ratio": 1.2,
      "unit_capacity": 593.0,
      "total_capacity": 106740.0,
      "total_demand": 128091.37851688129,
      "nodes_units": 15.0,
      "nodes_capacity": 8895.0,
      "actions_from_base_capacity": [
        1,
        2,
        3,
        4,
        5,
        6,
        7,
        8,
        9,
        10,
        11,
        12,
        13,
        14,
        15,
        16,
        17,
        18,
        19
      ],
      "actions_from_zero_capacity": [
        1,
        2,
        3,
        4,
        5,
        6,
        7,
        8,
        9,
        10,
        11,
        12,
        13,
        14,
        15,
        16,
        17,
        18,
        19,
        20,
        21,
        22,
        23,
        24,
        25,
        26,
        27,
        28,
        29,
        30,
        31,
        32,
        33,
        34
      ],
      "actions_from_node_capacity": [
        1,
        2,
        3,
        4,
        5,
        6,
        7,
        8,
        9,
        10,
        11,
        12,
        13,
        14,
        15
      ],
      "actions_from_max_difference": [
        1,
        2,
        3,
        4,
        5,
        6,
        7,
        8,
        9,
        10,
        11,
        12
      ]
    }
  ],
  "datasets": {
    "training": 1008,
    "validation": 168,
    "evaluation": 168
  }
}